OBJECTID,TRACT,GEOID,ACRES,SQ_MILES,Shape_Length,Shape_Area,FAGI_TOTAL_2010,FAGI_MEDIAN_2010,FAGI_TOTAL_2013,FAGI_MEDIAN_2013,FAGI_TOTAL_2011,FAGI_MEDIAN_2011,FAGI_TOTAL_2012,FAGI_MEDIAN_2012,FAGI_TOTAL_2014,FAGI_MEDIAN_2014,FAGI_TOTAL_2015,FAGI_MEDIAN_2015
1,3400,11001003400,266.2642006,0.41603782,4800.865939,1077532.997,53344073,39287,75037699,43117,59287920,38099,70436558,40413,79636907,42596,92096567,46152
2,3500,11001003500,94.35238321,0.1474256,2982.473558,381830.5502,46454657,30673.5,66239783,32859.5,55914150,30555.5,60909648,32885,78873551,40450,97549566,44843
3,3600,11001003600,75.52164797,0.11800258,2293.46528,305625.2679,110621750,35858,161376203,42788.5,147954698,40355,153247476,40692,143081526,41616,178040405,46806
4,3700,11001003700,72.2318631,0.11286229,2297.040644,292311.9808,103905996,32263,162058134,41387.5,126923023,35705.5,143596631,38248,140501730,39131,181651966,45690.5
5,3800,11001003800,87.92165175,0.13737758,2708.295074,355806.3032,155960140,48799,209040361,54786,196678623,52077,213601983,54908,213544242,56380,235619338,60561
6,3900,11001003900,99.08050118,0.15481328,3408.080644,400964.5649,155878056,51160,206237963,59470,211741280,56264.5,215163653,58480,179473697,58736,214640250,63630
7,6500,11001006500,122.5701721,0.1915159,3386.495881,496023.891,120078372,76911,138021124,79139,138113790,75279,153834127,75784,137875103,89279,156307500,92684
8,1500,11001001500,1161.050947,1.81414212,10650.32709,4698606.509,505817116,135878,464768292,136868,531571394,140516,611814393,147108,586301676,158383,623341016,165589
9,1600,11001001600,667.006081,1.04219701,8627.683622,2699277.859,239860892,88449.5,206050056,86508.5,241106479,84972,253855939,89084.5,280146313,97830.5,285179163,99800.5
10,1702,11001001702,229.8159726,0.35908746,4873.125958,930032.2503,85001437,53846.5,99172867,57746,95489279,53472.5,101908307,56393,112274193,59101,118391616,59590
11,100,11001000100,585.8460139,0.9153844,10028.23629,2370834.718,551823378,89357,444019426,86101.5,563927063,88250,806141206,92634,856267279,108308,698565228,110944.5
12,201,11001000201,133.3261666,0.20832214,3249.765438,539551.8568,65709,12201.5,627662,23000,,,282896,21739.5,1389012,5087,1043062,8785
13,202,11001000202,305.0394643,0.47662417,6742.459377,1234450.922,379656242,116867,244019719,95033.5,365051633,109460.5,390987146,106470,433631252,114630,429158437,115586
14,300,11001000300,252.6031958,0.3946925,4077.691319,1022248.871,274689743,66914.5,306388942,58822,356897869,58959.5,371428724,61936.5,322647481,73252,358002514,70413
15,400,11001000400,378.3828244,0.59122317,5949.909534,1531260.972,244811632,104934,130390459,110621,224772922,101766,221418072,102512,260450481,130923.5,296162003,121711
16,501,11001000501,233.3842638,0.36466291,6813.633099,944472.6123,157450900,65919,182269099,68973,196513698,64763.5,210628169,70218,260010497.2,72707,243419505,76949.5
17,902,11001000902,538.8019552,0.84187806,8704.287793,2180454.166,218882503,121032,176273097,113487,226114271,117436,262353665.4,121474.5,282158382,142212,318502754,148690
18,1001,11001001001,606.4017844,0.94750279,6507.906513,2454020.97,441410751,114136.5,445020421,105423.5,482792403,109646,523214776,110482.5,563657398,128283,567841867,131571
19,1002,11001001002,219.8340534,0.34349071,3952.278513,889636.8563,119559942,74658,134639759,76705,130340038,74072,142883669.4,76636.5,124109798,78338,144272959,79814.5
20,4001,11001004001,68.1625484,0.10650398,2361.335362,275844.0484,203836328,72807,230295472,77629,253288626,74273,262839923,78314.5,242543416,78459.5,269573000,85301.5
21,4002,11001004002,48.45148116,0.07570544,2132.734912,196076.1889,132421749,60460.5,170535365,65155,168856216,62671,182296727.3,65831,157938502,66742,181993123,71996
22,4100,11001004100,201.8685548,0.31541962,3872.498178,816933.0623,403203164,87019,217573711,81283.5,401781124,85405,450959064,89643,447733061,100196,557382746,100885
23,4201,11001004201,50.53509473,0.07896109,1842.645783,204508.2739,144465497,59325,195239173,69112,204654008,64162,221028580,67390,192640010,68708.5,215579124,70930.5
24,4202,11001004202,51.4938138,0.08045908,2102.861146,208388.0723,120039686,60675,165982765,67958,163715989,65293,171191044,70077.5,140618969,65831,168607571,69537
25,4300,11001004300,58.47083608,0.09136068,2045.425608,236623.0799,107576663,47515.5,161937053,56174,146211088,52695,158072679,55500,160486937,57442.5,200919104,65979
26,4400,11001004400,128.9127883,0.20142623,2944.721437,521691.5484,231491287,70297,325184107,77519,289136303,73367,327105530,76068,343052931.9,76726,402398133,82842.5
27,1100,11001001100,414.2539778,0.64727184,5698.762332,1676426.38,361630195,101389,326529055,88358,410155292,97280,460087019,97640,449192481,113046,480166743,114189.5
28,1200,11001001200,300.9975507,0.47030868,4907.033192,1218093.879,284024809,79665,304763968,74166.5,315822137,74448,334717360,75515,314255746,91068.5,340349324,89304
29,1301,11001001301,705.1114613,1.10173667,8777.811293,2853484.862,271817059,76361.5,240485097,66620,333803307,67980,363121417,68904,333910086,76494,403703591,76325
30,1302,11001001302,393.41836,0.61471619,6378.54781,1592107.626,319818452,68999,405180643,73585,417821164,69520,443957414,72262,401733884,73354.5,488935701,75148
31,1401,11001001401,194.7810138,0.30434534,4033.370295,788250.8012,230011349,91172.5,207763895,79863.5,255563544,81219,291619848,85111,294699961,102872,298582687,96830.5
32,1402,11001001402,221.1892816,0.34560825,4867.514204,895121.27,176059601,98926,181523449,102986,186054316,101142.5,208055809.9,109684.5,216714384,120265,226932847,122810
33,502,11001000502,143.6782056,0.2244972,4037.961014,581445.0726,248468359,76777,252908312,75829,280426020,76905,324046430.6,76609,290539572.3,90718.5,316766139.2,89334
34,1803,11001001803,289.1744935,0.45183515,4709.910531,1170247.663,69030385,25312,76833849,26235,73783877,25460,85008159.3,26127,80454542,27382,86187145,27886.5
35,1804,11001001804,148.6879204,0.23232488,3404.953403,601718.6691,90687018.37,26365,101095037,26535.5,94000568,27016,101142730,27327,100111583,27144,109529081,28093.5
36,1901,11001001901,190.0412065,0.29693939,3629.655443,769069.4817,89722055.5,36750,96561062,37420,93389146,35486,98715158,38108,110110056,41377,119188692,42401
37,3301,11001003301,108.6302189,0.16973472,3304.154907,439610.9018,94626938,50955.5,118997087,52263,109592464,49060.5,119413477,51581,133621396,60466,152461285,64468
38,3302,11001003302,49.07735171,0.07668336,1890.785622,198608.9971,59721428.37,46371,82445643.83,51120,67070893,46580.5,76544783.24,49236,84411059.95,55925,98091822,61645
39,8804,11001008804,194.5054049,0.3039147,3936.333064,787135.4519,27927495,24539,32464257.52,25106.5,27994707,23754,33989464,23998.5,36934360,26995,42225948,29627
40,8903,11001008903,74.0038484,0.11563101,2991.03481,299482.951,33732629,25168,50045860,29334,34354171,24295,42943277,25774,54736070,30255,61273301,33866
41,8904,11001008904,112.8069603,0.17626088,3121.43913,456513.5745,31336668.91,23070.5,38466036.9,23445,33444738,23349.5,35689645.63,23597,43140351.51,24356.5,47867201,26051
42,9000,11001009000,359.7195472,0.5620618,5394.277842,1455733.369,56150253,43111,65837807.73,47746,53740241,41497,61387829,44821,83619685.28,52520,94751459,57961
43,9102,11001009102,453.5039912,0.70859999,6339.304691,1835265.55,60148337,28156,77312944,28794,64202101,27377,74568845.91,28926,79762070.62,30721.5,89120109.76,31903
44,9201,11001009201,158.3379306,0.24740302,3334.446804,640770.8751,28052728.79,37114,45375827.82,38115,31932270,36529.5,41782385.02,37939,56482503,45173,66594041,48118
45,9203,11001009203,145.121157,0.22675181,3471.344052,587284.4895,48343832,32780,62405590,35161,53291874,32934,57854799,33801,70251210,38854,78432565,41301
46,9204,11001009204,74.8843334,0.11700677,2526.496186,303046.1473,28552707,26231,34706643,26124,29833027,25945,33222221,25277,34168438,26411,37791141,28475
47,7200,11001007200,405.6675025,0.63385548,5365.257137,1641678.148,107909588,64030,186295174,70045,147535588,70485.5,183471831,74226,197488193,64040,247923152,69664
48,7301,11001007301,2439.892023,3.81233131,17862.98847,9873892.762,1673140,34010,3361568,40680,3109017,38200,3139475,40044.5,2419064,33378.5,4259994,47582
49,7304,11001007304,308.98569,0.48279014,5527.038453,1250420.731,36698222,22766,39995849.95,20922,37593142,22045,38956385,21596,42476757.47,22262,46570052,23679
50,7401,11001007401,357.7377754,0.55896528,6378.842229,1447713.423,16271306,18377.5,17706306,16504.5,16387522,17011.5,17334402,16731,14011455,17975,15637219,17739
51,7403,11001007403,80.58207072,0.12590949,3174.081577,326104.0724,26534651,24468,27739508,22754,26480238,23187,26796677,22942,27476513,23605,29354682,23579
52,7404,11001007404,199.1240547,0.31113134,4988.203673,805826.4642,35852862,26372,41892503,24785.5,39142259,26176,39740883,25212,42407920,25068,45389701,25906.5
53,7406,11001007406,91.35431258,0.14274111,2600.357547,369697.7888,18379045,19594.5,22222673,18214.5,20073849,18103,21564321,18133,23059323,21164,25139415,20219
54,7407,11001007407,150.8889619,0.235764,4692.193111,610625.9683,39030200,30728,43791436,29333.5,39577235,30210,44108527,29089,50949995,30110,56092745,32550
55,7408,11001007408,94.49100834,0.1476422,3911.211868,382391.5462,21984988,20813,22774343,18636,22572738,19635,22553935,19045,23518853,20030,24612841,19793.5
56,7409,11001007409,98.28496087,0.15357025,3046.210809,397745.1275,39191696,24851,40482342,21349.5,41624746,23520,41342314,21925.5,41640347,21652,44912587,23194
57,7502,11001007502,152.1498118,0.23773408,4792.907479,615728.4468,45577412,25027,50022193.2,24720,47562189,24670.5,46735112,24116.5,46799965,23785,49214213,23715
58,4600,11001004600,107.9646249,0.16869473,2900.631832,436917.3382,60318054,36871,93634428,41045,76955521,38515,84837124,39885,95317975,42801,109132266,46092.5
59,4701,11001004701,79.37474624,0.12402304,2917.412572,321218.2035,62945849,27406,104928195,36630,78637972,29027,96427153,32836,106712117,36532.5,145902602,45305
60,4702,11001004702,80.1862984,0.12529109,2950.758095,324502.4386,68048639,59074,106167879,69010,92778875,68605,108357349,67405.5,104919301,61331,138666390,69195
61,4801,11001004801,78.44606933,0.12257198,2458.972701,317459.9814,63801222,47244,99227482,52484,76691024,48478,90035901,53570,109555605,60609,122287899,63711
62,4802,11001004802,71.1905918,0.1112353,2192.317601,288098.1054,73241336.7,33975.5,115913258,41981,87920491,37146.5,108590991.4,40512,102577469,40676,119531192,45675
63,4901,11001004901,67.17793143,0.10496552,2112.98851,271859.4448,52574029,35398,77147230,44409,57630673,39410,66056089,43123,107168062,52044,136442151,59090
64,4902,11001004902,65.20095982,0.1018765,2052.282436,263858.9246,98407326,44608.5,123680131,52213.5,116868349,50705,126553450,51963,123848559,53770,141451695,59191.5
65,5001,11001005001,50.59006122,0.07904697,2114.927043,204730.7154,94309397,67622,124100006,74090,114164264,69871,126820603,72566.5,122794751,70213,147289866,78133
66,5002,11001005002,57.69594676,0.09014992,2245.140851,233487.2141,192352559,39733,266261760,53208,250076730,48270.5,278673551,51141,219968978,53829,259592000,59810.5
67,5201,11001005201,83.93588152,0.13114982,2661.842057,339676.4632,268298733,66130,401961716,75149,360312493,70538,397149782,73528,376053670,76106.5,442277202,81647.5
68,5301,11001005301,70.76334226,0.11056772,2322.239748,286369.0878,226732166,64826,288225330,72068,295640286,68569,343695487,71067,263936773,70086.5,326386690,76569.5
69,5500,11001005500,157.5255182,0.24613362,3987.966398,637483.1588,333923999,73032,409244354,78901.5,425105796,75480,505477215,77201.5,444403949,80908,536412412,81726
70,5600,11001005600,117.3822403,0.18340975,4364.539699,475029.0758,167255800,63663,192250360,61943.5,208921431,59263,248986836.8,64756,203331811,67936,233194623,67328
71,5800,11001005800,225.0419986,0.35162813,4111.144016,910712.6629,119511652,83192,175823623,89328,167620188,88884.5,151839744,87076,159463208,88725,171281204,100633.5
72,5900,11001005900,159.0928948,0.24858265,3377.371983,643826.1071,55624517.13,46136,89285287,47249,91864708,49222,90357257,49116,56008018,51855,73843853,52042
73,6202,11001006202,2821.333501,4.40833363,27060.07099,11417531.67,128235,102705,554878,52548,,,,,,,,
74,6400,11001006400,226.4751492,0.35386742,4676.886797,916512.4176,22543116,21222,36959590,25016,25389209,21449,28899876.26,20823,39572111,26737,50187446,28943.5
75,6600,11001006600,73.19528589,0.11436764,2663.238244,296210.8146,106170076,88338,117490965,80400,123630521,81172,136743813,87030,133316015,92949,138452048,90957
76,6700,11001006700,105.8274403,0.16535538,3020.444037,428268.4589,217100355,85648,233122093,83000,249708355,86231,255796748,88571,284608649,99852.5,302416019,101467.5
77,6801,11001006801,60.43495636,0.09442962,2060.756247,244571.5927,52747534,48014,76178458,51207.5,59126678,48635.5,64998901,48317,79312724,58579,90648226,61861
78,6802,11001006802,69.83554626,0.10911804,2545.70931,282614.4306,73798559,58385,96128685,63716,84563148,61279.5,90361240,60771.5,106607317,69016.5,117623354,70190
79,6804,11001006804,499.9170838,0.78112045,6734.287255,2023092.673,1427126,31692,1403283,15698,1213118,15245,1517968,16825.5,1893345,26956,1977861,21076
80,6900,11001006900,101.3774853,0.15840232,2860.13228,410260.1299,96831762,74417,117789037,79464.5,111579539,75970,124386107,78466,124366685,83717,136440279,86964.5
81,7000,11001007000,103.8770495,0.16230789,2909.008064,420375.5074,105497762,75046.5,113568529,74503,116461048,73158.5,119493354,77934,126183172,81669,147508156,83749
82,7100,11001007100,180.7082325,0.28235662,3852.778052,731300.2755,73551776,42529,90074658,44333,88319005,43479,89640055,41845,90963474,44853,100613150,49413.5
83,600,11001000600,356.5130678,0.55705167,5202.370432,1442757.207,882856096,87171,413850238,81528.5,838428665,84947,887637225,91538,883701442,98902.5,1101811669,103485
84,701,11001000701,135.8615743,0.21228371,3198.46539,549812.2876,268583555,68493,265927884,68775,291704733,68526.5,312019324,70192.5,302248205,72115,322343565,73385
85,702,11001000702,72.37383693,0.11308412,2738.796618,292886.5285,86235734,50407,121237434,56357.5,113045300,52965,116865629,55189,98468564,56642.5,117499800,58111
86,801,11001000801,760.0951203,1.18764863,8440.167935,3075995.838,556165589,97849.5,429046240,94346,582273934,94581,932925890,99819.5,682255278,114495,762051697,122703
87,802,11001000802,563.0443164,0.87975675,6636.141912,2278559.521,211883023,89712.5,240968712,78663,288028817,83610,342246891,84441,354030099,94580,379610865,94907
88,901,11001000901,748.3641243,1.16931895,7095.702947,3028522.181,610398683,166298,443181730,138978.5,674640174,153391,754404800.1,168203,760449847,189371,946256227,197155
89,2802,11001002802,56.34356824,0.08803683,2102.606972,228014.3323,76017142,25506,113498858,31154.5,98267866,28033.5,104928617,28800,90869593,29954,111655848,34182
90,2900,11001002900,74.70801484,0.11673127,2357.398917,302332.6115,95743613,29736,137466819,37310,117975868,32774,132985526,35366,134545107.6,33953.5,158259296,36677
91,3000,11001003000,52.36530139,0.08182078,1881.223518,211914.8575,80525394,36678.5,108032013,42954,99841782,39491,114641347.3,40710.5,96242269,40821,113004657,45303
92,3100,11001003100,72.84079601,0.11381374,2574.255445,294776.2449,60468985,28420,96124283,35170,75002721,31472.5,86351514.2,34062,92848628,36878,109392822,39963
93,3200,11001003200,109.9259668,0.17175932,3050.48105,444854.6074,91044809,27905.5,119332154,31551,103489228,29164,117284066,29825,120006056,32218,139048784,35833.5
94,9811,11001009811,115.3839958,0.18028749,3543.40432,466942.4673,36490017,20544,41515657,18977,39029707,20337,39500324,18576,41258037,20195.5,44315187,20516
95,9901,11001009901,519.4044816,0.81156951,5944.80074,2101955.375,70749621,53475,68391309,49969,72050910,48382,71597532,51018.5,75281959,52425,78879964,51745
96,9902,11001009902,319.8713549,0.499799,5340.361444,1294473.455,54350597,38024,57137569,37244,54368604,36560,59607982.49,40299.5,58509163,38499.5,62164914,38607
97,9903,11001009903,92.86866799,0.14510729,3223.432199,375826.1677,32456553.32,33233.5,35118730,33430,32138301,32154,33996201,33445.5,36133543,33897,40012643,36360.5
98,9904,11001009904,104.9661255,0.16400957,2987.978458,424782.8417,26767870,26576.5,35494438.76,27487,27871815,26508,31120583,25681.5,34077779,28267,38243219,29601.5
99,9905,11001009905,106.6063745,0.16657246,2908.054569,431420.6939,30819168.68,26468,36150350,27355,31738883,25668,34320695,25986,35638365,26497,40068077,28297
100,9906,11001009906,61.26893443,0.09573271,2139.297318,247946.5823,16913306,27813,21931724,26833,17588909,26361,19399569,29004,22813412,28540,24288526,28732
101,9907,11001009907,115.3748945,0.18027327,3177.056629,466905.6357,27930889,23122,31452975.28,22424,29040909,22048.5,30367917.47,21635.5,31646541,23380,33496320,23804.5
102,10100,11001010100,143.2457796,0.22382153,3436.583212,579695.1064,94655251,55985.5,122209400,64721,108470412,59866,131214216,67512,92406308,66081.5,116764932,71341
103,10200,11001010200,342.5228012,0.53519188,5083.27201,1386140.606,87260141,60379.5,103762693,62109,103406574,61275,111525170,63261.5,109619741,62140,135720406,67011
104,10300,11001010300,268.3257731,0.41925902,5400.810304,1085875.885,67033876.8,35106.5,76672409,36564.5,70736519,35263,75275047,35107,80323393,36951,86842954,36933
105,10400,11001010400,670.3869116,1.04747956,7779.672186,2712959.595,41916212,26314,45848533,24753,44255870,25687,46502276,26338,47671783,25165.5,50092794,25363
106,7503,11001007503,123.4927113,0.19295736,2859.529841,499757.2746,26718856,24918,29135292,23253,28871602,24616.5,28340224,22439.5,30892418,22427,34675207,23658
107,7504,11001007504,196.8296174,0.30754628,4403.700241,796541.206,22978274,22252,28493704,20654,25984323,21037,27086707,19965,29579990,21006.5,31827145,22229.5
108,1902,11001001902,219.4695761,0.34292122,3998.172028,888161.8687,58668759,46399,60643912,46000.5,59659989,47090,61493116,49240,67370032,49598,71508164,51168
109,2001,11001002001,156.3814874,0.24434608,4208.850577,632853.4303,74238446,32239,77796183,32255,72835604,33930.5,89402790,33028,89897212,31824,94288662,34251
110,2002,11001002002,209.8348471,0.32786695,4418.371751,849171.5035,99551003,34078,111106825,34515,103023441,32810,116228210,33151,127883153,38577,137968594,39738.5
111,2101,11001002101,148.5262071,0.2320722,3187.288051,601064.2388,94312486.76,26813,111940633,28176.5,100905873,27449.5,107570821,27870.5,112888946,29257,126189873,30443
112,2102,11001002102,179.3648575,0.28025759,3547.753543,725863.8299,92766959.97,32803,113649527,33861.5,103545279,33094,107590365,34640,119845798,36433.5,130031411,38248
113,2201,11001002201,102.5805159,0.16028206,2575.698246,415128.622,70400837,30903,85149168,32313,75036081,31369.5,79524709,31352.5,91456684.98,36545,100975796,38447
114,2202,11001002202,171.8511756,0.26851746,3340.613292,695457.0376,53733218,29485.5,65242968,29500,59185960,31222,64348461,30895,68791897,31094,76191464,34486
115,9302,11001009302,99.66119489,0.15572062,2780.136505,403314.549,29300075,38413,32262752,38884,30980311,39454,31339082,40970.5,35745645,40877,38583475,40697.5
116,2301,11001002301,101.9481159,0.15929393,2865.391245,412569.3898,66417176,37400,84654482,37194.5,74796443,36275,78771314,37362,98291254,41551,104003314,43663
117,2302,11001002302,497.9453067,0.77803955,5876.136673,2015113.174,26615661,30605,31103989,37487,29334569,33921,31213085,35344,28685547,39185,33413912,44461
118,2400,11001002400,137.4659672,0.21479058,3265.934715,556305.0356,80149660,36059,106668159,38006,91479505,35654,103751959,37713.5,112743138,42453,129540107,44564.5
119,2501,11001002501,134.2792123,0.20981127,3106.147797,543408.6957,63870734,31549,74481381,31627.5,69649528,29087.5,75809953,31390,79878737,34334,87120014,35144
120,2502,11001002502,149.3620054,0.23337814,3238.906671,604446.5946,116055853,26090,156512610,32326,135667766,28524,149546964,30983,153589572,34494,184029268,37513
121,2600,11001002600,547.6484326,0.85570068,9204.269399,2216254.59,134692240,78044,120160981,74993.5,137593664,78133,150712513,79794,164390717,82203,170973446,81819
122,2701,11001002701,111.2639069,0.17384986,3377.590811,450269.0588,137493357,35394.5,184313228,42690,169063427,39237,178818098.7,41223.5,175143270.6,43441,226192119.8,47231
123,7601,11001007601,312.1095815,0.48767122,4733.026791,1263062.672,65787519,28653,72209610,29757,67410946,28397,72573691,29717,76798005,30483.5,82541867,30846
124,7603,11001007603,303.081921,0.4735655,4994.723368,1226529.026,95985961,42744,96251269,41564,96420454,41551,100710493,41409,100775617,41528.5,106625544,42402
125,7604,11001007604,338.1567386,0.52836991,5427.176057,1368471.778,77030053,35693.5,80847329,36500.5,77577041,34254.5,82552503,36143,87515989,36633,94079938,38093.5
126,7605,11001007605,112.1236986,0.17519328,3672.99917,453748.5125,53319053,31064,56942326,29971,55599933,30825.5,56534733,30292,59581383,31643,61946654,31588.5
127,7703,11001007703,249.8804855,0.39043826,4509.848281,1011230.454,62080786,26835,66007045,24882,65408275,25046.5,65645025,25153,71794022,26023.5,76945859,26266
128,7707,11001007707,208.256449,0.3254007,4424.682144,842783.953,58126835.3,31164,61842067,28427.5,57877113,29008,62097139,28629,64147480,30013,66746843,29422.5
129,7708,11001007708,211.6010709,0.33062668,4293.393914,856319.1578,30562571,26240,34921404,25245,31748410,25109.5,33241592,24441,33292010,25265,34745840,25783
130,7709,11001007709,228.4714258,0.35698661,4638.997012,924591.0624,28571370,29896,30343665,30352,28310642,27863.5,31742090,28828,33881022,28981,34779735,28775
131,7803,11001007803,247.7583517,0.38712243,4553.269283,1002642.483,47573443.6,29997,52825855,27686,48905994,27744.5,49369713,27604,57963981,28576,61989776,29393.5
132,7804,11001007804,209.5098253,0.3273591,4574.80291,847856.1872,37285095,27108,42241373,24947,36383082,24256.5,40137177,24418,43080974,25264,45942286,25868
133,7806,11001007806,170.2268109,0.26597939,4130.207134,688883.4671,32232385,29933,35524039,27394,32201366,28847,35415431,29425.5,37422570,30052,42317490,30296.5
134,2702,11001002702,124.9245239,0.19519457,3697.627805,505551.615,198770793,43840.5,223639542,48746.5,216772349,45791,238216199,47500,232110688,47399,270883128,50917
135,2801,11001002801,42.47578244,0.06636841,1725.322841,171893.394,65733402,23606,94212705,28873,83898374,26426,90893505,28629,80041474,28917,97260309,33796
136,9603,11001009603,157.9618479,0.24681539,3866.067516,639248.9224,50548063,29854,54782066,29205,51432289,28037.5,52174930,28187,55087454.94,27981,58282104,29140
137,9604,11001009604,135.5452565,0.21178946,3139.245874,548532.1949,39320298,34892,42571608,36056.5,37671884,33177,38840511,34782.5,41657348,35693,42752988,35403
138,9700,11001009700,101.3149124,0.15830455,3393.279077,410006.9065,37230924,28163.5,41269716,27242,39880533,28285,40335605,26811,41436665.8,27024,42553067,28849
139,9801,11001009801,110.8391105,0.17318611,3275.822031,448549.9687,16467492,24531.5,19048407,25883.5,19081986,27074.5,18248824,25989,17778638.57,23323.5,19288881,24214
140,9802,11001009802,49.60026818,0.07750042,2124.243896,200725.165,15926462,24440,18186608,23629,15540000,24559,16598367,23436,15661896,21843.5,17489336,21172
141,7807,11001007807,129.4221394,0.20222209,3369.640893,523752.8192,26964218,27911.5,29022672,25588,27172275,26950.5,29864189,26722,31685807,25848,32933216,27008
142,7808,11001007808,234.8368053,0.36693251,4159.121607,950350.8393,44146628.79,27911,47655483,24266,44039061,26488,45848749,25835,51644760,26059.5,55871889,27844.5
143,8701,11001008701,95.00421447,0.14844409,2699.849929,384468.4178,48565203,34711,70853972,37790,57403391,35334,65364292,38164,74587120,41781,86810333,44960
144,8702,11001008702,117.2238161,0.18316221,3710.812891,474387.9558,28412101,32251,59322798,41675,30878869,32047,43104817,38477.5,74934828,47601,159109427,53754
145,8802,11001008802,116.5697592,0.18214025,2848.579921,471741.0813,62141902.81,28875.5,80440359,31959.5,68412661,29125,73584575,29903,86766327.42,35199,99751561,38882.5
146,8803,11001008803,284.5769847,0.44465154,5287.299629,1151642.205,9823344,16056,14330450,16546,11668374,16917,12715225,16095,18786961,21519,22956326,24186
147,9803,11001009803,131.2132499,0.2050207,3195.473389,531001.1863,30971202,26640,33847590,23984,33180603,25128.5,33226454,25227,35039724,25379,37398304,26262.5
148,9804,11001009804,128.0743509,0.20011617,3761.594319,518298.5125,32581400,27829,34316210,27427.5,33095951,27152.5,34012746,27000,37891027,28276.5,40708270,29122
149,9807,11001009807,256.6267697,0.40097933,5057.760632,1038531.697,49300774.86,31540.43,50089141,29196,50160528,29574.5,51025204,29638,52225202,28837,55085531,30509
150,9810,11001009810,101.9167672,0.15924495,2811.707456,412442.5261,20731641,22114,23630871,20845,22087145,21242,22667655,21012.5,23590181.04,22107,25212674,21337
151,10500,11001010500,185.9731461,0.29058304,3700.255222,752606.625,84029289,45706.5,112250955,52096,98303018,48448,105746983,51276.5,106072495,52567,124766159,56785
152,10600,11001010600,305.5641749,0.47744403,5269.162516,1236574.351,121226133,46770,256230114,55071.5,161447062,51645,209503581,53822,231914897.6,55353,313701867,58798.5
153,10700,11001010700,220.2939869,0.34420936,3825.465074,891498.1408,76742725,55538.5,121704083,63057,65155219,58724,148356514,60245,131895201,71866,156457298,72231
154,10800,11001010800,163.4646381,0.2554135,3482.465158,661517.9245,23332003.5,39566,35939787,42735,33571416,40108,44924794,39390,33640053,41873,38436301,47991.5
155,10900,11001010900,1313.082864,2.05169199,11812.015,5313857.851,21483928,21961,25597789,20753.5,23779752,21350,25906312,20502,27129325,20661,27893573,21980
156,11000,11001011000,254.1223879,0.39706623,5794.137106,1028396.824,142255206,61476,159856545,66090,159085656,61805,167859350,64116,173116968.4,67450,184361322,70438.5
157,11100,11001011100,1497.651271,2.34008013,13673.10714,6060779.699,101111776,40473,108672370,40625.5,99900451,40198,104974019,41009,115762533,41166,122414153,42315
158,9301,11001009301,272.1330731,0.42520793,4589.378118,1101283.481,80177844.52,46848,96067410,47415,89517062,46693,96422375.11,47221,116557623,54943,124565445,57282.5
159,7809,11001007809,132.2389549,0.20662337,3874.359987,535152.0669,37559798.37,27390,41012846,24953,37380788,25825.5,39381158,25178,44647455,27046,48307774,28461
160,7901,11001007901,98.41517823,0.15377372,2551.393623,398272.0984,54104963,29975,68844302,31673,60769648,29766,65914144,30020.5,76444757,34692,85297510,37573
161,7903,11001007903,59.94389871,0.09366234,2170.9454,242584.3529,33231634,36257,41719677,39557,34946070,36732,38094648,36321.5,46326405,44633,53049430,47103
162,8001,11001008001,80.43091395,0.1256733,2400.602905,325492.3626,100414811,60366,126560393,67249,113921738,63888,122354172,66117.5,130054316,70322,144770934,75309.5
163,8002,11001008002,142.8506356,0.22320412,3883.368027,578096.0156,121769571,67000.5,162596832,72447,142225876,68264,160531068,70314,156077250.8,75659.5,173685028,80922
164,8100,11001008100,72.21812179,0.11284082,2331.345985,292256.3717,139606334,81428,168364052,72100,166143944,77408,167686490,77394,173483443,85914,194119047,90338
165,8200,11001008200,84.04524066,0.13132069,3038.867812,340119.024,117647812,70126.5,147633111,67792.5,142848043,69117.5,155157942,70452,143780010,77086,159931869,78676
166,8301,11001008301,75.10652056,0.11735394,2368.737543,303945.3069,100958815,79178,126739845,80765,117129497,71931,125316966,77114.5,137994779,83172.5,159487649,82900
167,8302,11001008302,64.46191668,0.10072175,2372.700178,260868.1231,98202439,75686,121676185,69139,115145078,72632,124644728,70932,122260480,77004.5,148237948,80862
168,8402,11001008402,66.30755803,0.10360556,2657.40565,268337.1687,64090679,50048,84827411,55894.5,76375227,50961,83894892,54722,78279904,59253,95344734,63150
169,8410,11001008410,54.39444927,0.08499133,2326.095337,220126.5277,41390921,46940,54787972,48372,47944604,46774,51016505,48283,60603534,55593,71052704,58733
170,9400,11001009400,393.0247235,0.61410113,5500.077285,1590514.636,111394852,48688,122069723,49363.5,112928463,48019,119206939,49071,135842841,51938.5,139399116,52796.5
171,9501,11001009501,393.9402587,0.61553166,6251.167008,1594219.675,54810127,28094,66633719.98,28334,60953895,28147,64279289,27023,62507127.54,27422.5,71687637,29720.5
172,9503,11001009503,351.7480803,0.54960638,5448.746349,1423473.986,103688476,55760,93340693.3,55128,91164685,52882,103746641,55310.5,108517270,56626.5,113767916,60025
173,9504,11001009504,253.5906496,0.39623539,4227.41219,1026244.955,69274045,43233,76802968,44206.5,72545466,41582,78335079,43487,83501617,44864.5,92795105,48695.5
174,9505,11001009505,254.6686584,0.39791978,4571.653132,1030607.502,69676775,42972,74524698,41734,69233046,41221,72487872,42196,94197523,45732,105022944,46330
175,9507,11001009507,72.81292728,0.1137702,2483.115055,294663.4642,35008824,38577.5,37021683,38410,34437488,36996,36555449,39274,39838674,38723,41834568.92,39851
176,9508,11001009508,231.9179867,0.36237186,5772.875428,938538.7995,67315108.95,38902,74438513.8,36844,70488991,37979,74847040,37529,76756174,38133.5,82172651,38670.5
177,9509,11001009509,159.553962,0.24930307,3306.197043,645691.9795,75556930,44708,83396856.4,45890,78005645,45617.5,80688699,44771,90266682,48269,94453371,50505
178,9601,11001009601,514.8501708,0.8044534,6716.549762,2083524.733,27940966,24949,31190145,22438,29485769,24312,29883780,22301,33222152,25221,34565858,27655
179,9602,11001009602,341.0055984,0.53282125,4742.071398,1380000.704,28881426,24409,34651347,23135.5,29422702,23832,32067205,22962.5,41181793,23438,45174162,25037
